"id","board"
0,"412956738796328541853417296928765413674132859531849672289571364367294185145683927"
1,"943275186287164395156893247875931624492786531361542978718359462534628719629417853"
2,"689435217135729468472168539824371695356982174917546382548693721793214856261857943"
3,"819627345645193827237485169594278613172936584386514792958741236723869451461352978"
4,"946158723513792486872436195684315972237964851195287364359671248728543619461829537"
5,"143769825982513674567842913691238547754691382328457169879326451436175298215984736"
6,"849217365657349821132586974413972658975638142286154793794823516361495287528761439"
7,"425173698897546123361928754759831246148692375632457981216784539574369812983215467"
8,"186352497539874216274691835945713628623548179718269354457126983361987542892435761"
9,"237416589694358271581279346846137925329564718715892634978621453463785192152943867"
10,"294685137831274596567931824926348715315762948748159362653417289482593671179826453"
11,"593861724864972135127435968351697482742358691986124357435786219618249573279513846"
12,"845291763721365489963478251597632814614987532238154697489716325376529148152843976"
13,"362719854947835261815462397498623175731598426256174938579241683624387519183956742"
14,"476981532238574619915623478359267184164358297782149365697415823523896741841732956"
15,"593768124872341659164529387238175496459632718716984532381496275625817943947253861"
16,"428795316613284597579316284295637148137842659846951723752468931364129875981573462"
17,"597812634823465791146937285754391826612748359389526417471253968268179543935684172"
18,"182694375346571298795283614267839451918425763534167982429718536671352849853946127"
19,"682473591531869742497251638814625379275934186963187425126348957358796214749512863"
20,"574183692231694785698527134129738456467952318385416279756841923912365847843279561"
21,"437986125589124763612735849273561984841297356956348271125473698764819532398652417"
22,"426317589813549672795682341154923867239876415678451923941265738382794156567138294"
23,"851329674427681539936754812794216358218537946365948721189473265543862197672195483"
24,"465317829793285614812946375978532146324761598156498237289154763631879452547623981"
25,"947216853352789641861435297795362184234891765618547329429178536183654972576923418"
26,"915734862432586971786129345659472183173958624824613597368245719297361458541897236"
27,"283491657456783219791526843867914325345267981912835764128359476579642138634178592"
28,"546283197982761453371945862865132974239674518417598326654329781793816245128457639"
29,"862714539943568271157392684731285496629147853584639712375926148218473965496851327"
30,"457986312296513478183742956914827635578639241362154789621378594745291863839465127"
31,"139675428642831957587924613321749865896153274475286391264317589758492136913568742"
32,"695418723742536918318792456961375284487621539523984167236149875154867392879253641"
33,"194823657258467193376195284713549862429618735685372419937286541842951376561734928"
34,"462718935183594627759263184596381742814672593237459816641925378925837461378146259"
35,"231875469784296135956143782672381594345962817198754623423617958569428371817539246"
36,"849235671512679843673184592138542769426791358957863124395416287284357916761928435"
37,"346791852985462713217538469732615948654289137891347625468923571173856294529174386"
38,"185926347437185296269743851856372419912654738374819625541267983698431572723598164"
39,"245839671183476295697125483712963854958741362364582719526317948439658127871294536"
40,"681523974574896321329741568792358416468917253135264897917432685246185739853679142"
41,"462531987319867542587429316125376498738914265946285731271643859854192673693758124"
42,"587631429426958713391724856153479682948265137762183594634512978219847365875396241"
43,"634759821271648359598132674916487235845923167723516498189265743467391582352874916"
44,"346925871895731462271648953159862734784593126632174598468359217917286345523417689"
45,"295761834318954627746382195187296543952438761634175982479813256863527419521649378"
46,"197658342836247159425913867573426981241879635689531274958164723312785496764392518"
47,"753621489481937526692485713936542178847169352125873694279356841568214937314798265"
48,"954182376321576489687439152843765921196823547572941638718394265465218793239657814"
49,"429378651173695824568142973254837169317569482896214735781923546642751398935486217"
50,"849216357761583492523947618986134275137825946452679183398761524675492831214358769"
51,"452317986169528473738649251584276319691853742327491865975182634246735198813964527"
52,"851792346694385271372461859745613928213849765986527134439258617167934582528176493"
53,"918354276257816349463792815832475961549621783671938452395187624184269537726543198"
54,"625791834178342659934658721261573498753489162849126573417235986592864317386917245"
55,"862943517957261843143758692521897436679534128438612759716429385395186274284375961"
56,"476359821135782469928461735392874156867215394541693287684927513213546978759138642"
57,"768495123514263987392718546957836412431529678826147395283954761679381254145672839"
58,"982653741714928563563741298641592387239187456875436129497365812358219674126874935"
59,"712596348594382716386714925178259634943671582625843179467938251859127463231465897"
60,"398275146672431598541968273416829357957316482283754961769142835825693714134587629"
61,"374195862865423971291678543136859724947231685582764139429587316658312497713946258"
62,"967315482385462179412978356639257841521894637874631295256783914143529768798146523"
63,"438265197267193584195784362549618273871342956623957418716429835352871649984536721"
64,"734296815895431672126785394518947263942563781673812459459378126267154938381629547"
65,"152687934984321657763594812215943786396872541478156329837219465529468173641735298"
66,"521649783964783125378125649485367291732891456196452378219534867657218934843976512"
67,"694287513873154296521639748768925431132478965459316827315742689286593174947861352"
68,"572469318693781245184325769239614587816572934745893621958246173421937856367158492"
69,"687412539251739864394685172715864293428593617936271458172946385569328741843157926"
70,"615982734287143695439567128576398241321654987948271563763825419194736852852419376"
71,"746823591182957364539614872298146753367295148415378926854732619923561487671489235"
72,"126489573839571426574623981982735164457196832361248795718352649693814257245967318"
73,"286149375953278164147635982368524791712893456594716238425387619679451823831962547"
74,"962138475754269831813574692375416289149823567628957143296781354481395726537642918"
75,"943825176127634589865197342658342791372951864419768235286413957534279618791586423"
76,"421853697657491823398627451269315784745268139183749562976182345534976218812534976"
77,"264718953513924678897635214439152786752896341681473592926581437378249165145367829"
78,"652938741478216935139475628914867352726354819583192476897541263361729584245683197"
79,"426371958785469123391825746573218694264597831918643275849736512637152489152984367"
80,"549136287218795436763428159421573968935862714876914523684257391392641875157389642"
81,"175932846924681537386754192892465713431879265567213489653147928248596371719328654"
82,"935746821864251937271839645357462189649518273128973564782194356496325718513687492"
83,"719845623486723951235196478841362795397514862652987314973451286528639147164278539"
84,"875391462613247895249586173487639521956128347321475986592714638768953214134862759"
85,"749358162258716943163294785327869514586471239914532678632947851491685327875123496"
86,"729518346853674912614392578238765491495123867176849235981237654362451789547986123"
87,"658193247432675918971248365194832756365417892287569134746921583829354671513786429"
88,"187594263395621874264387591529148637813276945746935128931452786458769312672813459"
89,"184937265257618493936452871871523649329164587645789312568391724413276958792845136"
90,"732846915189527643564931872293784156647159238851263794415698327378412569926375481"
91,"968137452124586793357492186631728549785649231249315678496851327873264915512973864"
92,"631578924457296183829341567175823496396154278248967315712485639583619742964732851"
93,"314529678786431259259786431938652714462197385571843926623915847895274163147368592"
94,"913678542256431978847925136724396815568214793391587624175842369489763251632159487"
95,"391428756684759213275361984716243895923875641548916372152687439437192568869534127"
96,"618943572297865134453721986825639417374218695169457328936582741742196853581374269"
97,"841293576579164283632785491126548739497321865358976124265437918984612357713859642"
98,"935218467726934158184765329671823945498157632352649781517386294243591876869472513"
99,"912387546586124379734659128357462981468971253129538764845793612273816495691245837"
100,"861352749537491682924687531472538916319726458658149327195874263246913875783265194"
101,"836591724597482316421736598149867235682359471753124689978245163314678952265913847"
102,"872516349369274518514938276123647895496853127785129634941365782637482951258791463"
103,"174536829592841736386927145257683914961452387438719652615278493723194568849365271"
104,"564723189128569473973184625319642857286375914457918362835291746742836591691457238"
105,"178324569935681247624759381756913824813247695492865173387196452249538716561472938"
106,"734619528965428137182735946341576289826941375579382614617893452493257861258164793"
107,"418629753723145698659873241984356127365217984271984536542731869897462315136598472"
108,"341796285298541673675832149429315867813967452567428931132654798754189326986273514"
109,"475926318961873524328154967796531482543268791182749635234685179859317246617492853"
110,"128746953397518642456923178974182536815639427263475819781364295542897361639251784"
111,"197562834264183579853749126978615243316427958542938761731854692629371485485296317"
112,"194365287768291354325847916679412538483579621251638479846723195512986743937154862"
113,"175638249496521873823947651754369182312875964689412537547296318238154796961783425"
114,"249813657358467129176259438584371962613925874792684315861742593925138746437596281"
115,"723489156649125738815736429184572963572693841936814572258341697497268315361957284"
116,"679125438528346179143879265716592384934781652852634917287913546395468721461257893"
117,"293148756875963412461725983724531698389672541516894237132457869958216374647389125"
118,"421938576876125934359746812298314657637852491514679283182563749943287165765491328"
119,"935867214614923587287541396879654132561239748342178965158796423426315879793482651"
120,"496317285825469173173582649689724351237651894541893762754138926918246537362975418"
121,"862539417519647832374128965231486579986715324457392186123974658745863291698251743"
122,"385792641247136958916485327871249536432651879659873412723568194564917283198324765"
123,"219873456856249731473516289697458123134627895528931647741392568965784312382165974"
124,"316948725785326914429517683834672591972185436651439872293764158568291347147853269"
125,"716924835482653971359718426923841657845276193167539248638497512291385764574162389"
126,"579314682681925734432687951965238147743591268218476395126859473897143526354762819"
127,"546328917238917654179465328687132495425679183391854276812743569953286741764591832"
128,"564719238318264795972835461826341957739582146451697823287453619695128374143976582"
129,"146275398538961724279483561981327645453619872627854913712536489895742136364198257"
130,"385694721967215834124873965691458273843721659572936418739582146418367592256149387"
131,"194827635378546192526139748452691387637458219819372564281965473763284951945713826"
132,"389642751641957382572183694496518237157324869823769145264875913738491526915236478"
133,"324815679175693428698247531857124396219736854436589712743962185582471963961358247"
134,"529461837813597264467823951185974326942386175376152489694738512758219643231645798"
135,"685241973473695218921783645857924136214376589396518724549137862168452397732869451"
136,"395147628764852319281963754537421896146789532928536471472695183659318247813274965"
137,"267593481341678925958412367625937814419826573873154692136785249594261738782349156"
138,"413529876798614532562783491346158927187392645259476318875931264631245789924867153"
139,"479315862518672934632849157153987246296451783847236519321594678985763421764128395"
140,"136827954974356281258491673561982437842173596793564128625718349317249865489635712"
141,"432716985918532467576984213683491572291875634745623198854369721167258349329147856"
142,"613749825247586139859213647725694318398125476164837952532961784971458263486372591"
143,"361247589597318462842596173289765341153482796476139825728951634614823957935674218"
144,"189735642653492817724186359937541286261879435548623971316254798472918563895367124"
145,"641237598927856413358491762496578321512643879783129654174362985839715246265984137"
146,"857926431941375628362148759419257863538461972726893145293614587685739214174582396"
147,"289743165374156829156298347615824793423579618897361254942687531538412976761935482"
148,"849167523652398741371542968983471652165289437427653819734826195518934276296715384"
149,"921786345548319726367542819459827631273164958186953472814675293692431587735298164"
150,"196478523234156978587293164643587291712934685958621347329845716471369852865712439"
151,"941782536578396412623541798762913854134865927895427361289634175456179283317258649"
152,"213847695698532174745169832182694753364751928957283461821376549436915287579428316"
153,"215497386347826519968351724456213897793684152182975643874169235631542978529738461"
154,"963215478128647593457398162549162387682753941731984625814579236395826714276431859"
155,"726891345149523768853476129598734612237619854461285937374962581915348276682157493"
156,"781964523296753418345128679679435281854219367123876954518392746967541832432687195"
157,"751849623432671895689523471264957318918234567573168942827396154346715289195482736"
158,"418635972352479618769281435985714326143962857627358194836597241271843569594126783"
159,"851397642469285137327164589173549826684712953592638471236851794745926318918473265"
160,"245983716831467529697251384963715842724896153158342697512639478389174265476528931"
161,"912635874475829136638471295527346981893512467164987352356194728749258613281763549"
162,"841395726359762418762481395275143689416829573983657142198534267634278951527916834"
163,"418796532759312684362845917621483795573269841984157263135978426847621359296534178"
164,"786142593924635718531789246497361825812597634365824179258913467173456982649278351"
165,"487536192162798345359214768823149657591367284746825931915682473638471529274953816"
166,"829741356763295148154863927472938561518624793396517284647159832931482675285376419"
167,"341528976985764321672139548218375469497681253563942817726853194859417632134296785"
168,"126375498958624731347918526413782659589463217672591384894236175735149862261857943"
169,"346875921891234657725961483472356819953187246168429375287613594534798162619542738"
170,"956781234237469815184253679329174586875632491461598327618925743542317968793846152"
171,"798251364632894751415376928326748519581629437974513286869435172243187695157962843"
172,"426751983819432756735896421152389647347615298968274135274563819581947362693128574"
173,"498521736765384129123679485351462897984753612672198354537916248219847563846235971"
174,"695832417718495236342617859126574398873269541954183762467958123539721684281346975"
175,"379186542286495371154723986547832619962571438813964257635218794721349865498657123"
176,"813257694765493821492861735159642378278539416346178259681325947924716583537984162"
177,"941372658278561934563849217187624593632957481459183762326498175894715326715236849"
178,"863217945472659831591843276985374612236198457147526389614935728729481563358762194"
179,"162453987784692531593817462351278694276549318849136725918765243435921876627384159"
180,"623541978785923416419786532362419785541378629978265341854197263137652894296834157"
181,"917826543642357189835941627571283496298564731364179852159738264726495318483612975"
182,"931876524752413968468259371814927635576348219293561847187635492329784156645192783"
183,"439571682587326419126498735893245176261837594754169823672914358915683247348752961"
184,"451793826396528174728641593532179468867435912914286357185362749243957681679814235"
185,"832156947495728613617493528789215436523647189164389752348961275951872364276534891"
186,"297841635185693274643527819571938462962475183834162957458719326319256748726384591"
187,"534189762628734951179562348756243189483915627291678435347821596912456873865397214"
188,"371264895496835271258791436965478312732516948814923657127649583689357124543182769"
189,"346281579925473618187569432739156824261847395854392167412735986593628741678914253"
190,"187564293594372816362819574975186432236947185841253967658721349429638751713495628"
191,"526394178371865942849127356457618239968273514213549687634752891195486723782931465"
192,"435971682821365974967428135583746219649132758172859346716284593354697821298513467"
193,"589326471624179385137845629396257814215984736478613592743591268952768143861432957"
194,"473825916652941387891637254536192748917486532248753169329568471185274693764319825"
195,"768953241943712865512648937684295713275134698391876524856421379437569182129387456"
196,"852734691671598324493621875267819453319465782584372169745283916928146537136957248"
197,"523946178149782356768513294356879421217364985894125763985231647632457819471698532"
198,"297456381136728954548319672421675893865931427379842165652183749783294516914567238"
199,"674891253385642791192753846453127968967385124218964537721439685839576412546218379"
200,"294356781537981462168427539652148397783695124941273856819564273476832915325719648"
201,"632841597187395264954276318813652479425987631769413852541768923296134785378529146"
202,"769328514314756829582914736123675948897241365456839271978463152635182497241597683"
203,"792645318538127694461938752819364527376259481245871936924783165187596243653412879"
204,"914783625358126794627459183572361948486295317139874256891647532745932861263518479"
205,"651437289249658317378219645467891532825376194193524768736985421914762853582143976"
206,"374256891298714365156983724481697253563821479927435618812369547645178932739542186"
207,"243859671689137452157246938498615327712384596536972814874591263325768149961423785"
208,"379861254641235897258497163524678319183924675796513482437189526865742931912356748"
209,"352496187647185932891273456978642315236951874514738629783569241429317568165824793"
210,"153426879849571326267389541384152697625897413791643258478935162512768934936214785"
211,"435871629982643715761952843217598364698324571543716298829437156374165982156289437"
212,"796832514124579638358461792847913265935246187261785349512694873473158926689327451"
213,"214538976367912854895647312179863245426159783583274169952786431741325698638491527"
214,"864915273152473698379682154783149562695237841421568937246391785918754326537826419"
215,"195382764836745192274961583942657318568123479713498625451879236329516847687234951"
216,"543176829798532641261489735839764152156923478472815396685397214324651987917248563"
217,"963851274578429631124673859245168397397542168816397542759216483631784925482935716"
218,"851963247937842156624571983169784532482356791375219468248135679796428315513697824"
219,"576218439814793562923645781298471356647359218351862947189524673735986124462137895"
220,"312498765758362419694751832163245978985673241247819356426587193539124687871936524"
221,"417658923936214857852379146385967214274183569691425378723596481148732695569841732"
222,"769852341418673592253914687576138429942765813381429756835296174194387265627541938"
223,"825973146417286395936541728562134879148795632793862514279358461681427953354619287"
224,"148527693367849215295361784812695437539174862476238951954783126723916548681452379"
225,"412875936735691248869243715946527381578134629123968574287459163654312897391786452"
226,"826341597914587623735692841397465218148239756562178934283916475479853162651724389"
227,"738629514642135798519478326354287169926341875871956432265714983497863251183592647"
228,"925481637673592841184367592461723958397854216852619374538146729246975183719238465"
229,"258963714479218563361754928826571439937842156145396287694185372712639845583427691"
230,"179834256826957413354612789243169578918275364765483921491726835582391647637548192"
231,"657142389394578162812369457573891246928436715146725893289613574765284931431957628"
232,"412879365768513294539462178295731846347986512681245937156324789824197653973658421"
233,"726913584184752369935684712652391478378546921491827653549278136813465297267139845"
234,"479123865286954137315876942948765321732419586561238479824691753157342698693587214"
235,"631527849274698531859431672187369425925184763463752918798216354542873196316945287"
236,"769485213831296745245713986583621497927354861614978352178539624492167538356842179"
237,"673489215821653479954172386145938627296741538738526941489267153312895764567314892"
238,"157396428324758691896214753981645372432879516765123984219467835543981267678532149"
239,"148596372573124896692837145751982463236745918984361257369458721815279634427613589"
240,"298671435637594281541382769783129654916845372425736918172453896364918527859267143"
241,"684357912591624738273819546859742163347165829126938475938476251712593684465281397"
242,"429683571675124398831759426254968713783415269196372854968547132347291685512836947"
243,"527148396416239587389675241273581469854796123691423758135864972962357814748912635"
244,"721536984863429571459781362986213457214975638537864219342158796175692843698347125"
245,"936154287458729613721386945689243751513867492274591368195472836847635129362918574"
246,"617894325539267841842315697268179534495632178173458962984523716326781459751946283"
247,"295183764748652319361974528457239681123867945689415237514726893972348156836591472"
248,"924876315871345269635291748216937584387514692459682137742169853193758426568423971"
249,"857964321643521897219837564524193786961278453738645219495312678172486935386759142"
250,"491283576628175943753496218362941785175638492984527631517364829839752164246819357"
251,"469327581752148396318695274946531827175862439283479615624713958897254163531986742"
252,"542761938318529674697384125769145382124893567853672419471256893986437251235918746"
253,"361985247492736815857241639946827351213659784578314926684193572129578463735462198"
254,"465198732791432658832567149289376415146825973357941286524789361678213594913654827"
255,"832641795954273186761598423316984572248715639579326814197462358623857941485139267"
256,"784531962156928437923764158218375649347196285695482713831249576462857391579613824"
257,"518674329379258164426391875297516483643829751851743296985132647164987532732465918"
258,"469213857235879416781564932843726591576941328912358674627495183394187265158632749"
259,"491627853735189264862453791689734512254891637317265948128946375943572186576318429"
260,"841375269593216748762894135178963524659482371324751896217549683435628917986137452"
261,"835716249914528736627349581471985623598263417362471895156834972249157368783692154"
262,"581942637934867152762135948173624895695783214428519763217356489346298571859471326"
263,"371658492846729513529134876158492367793561284264873951912386745687245139435917628"
264,"413928765975463281286175439732691548148537692659842317894256173321784956567319824"
265,"136729548852431769749658213985276431623145897471893652267314985398567124514982376"
266,"186349257375128649924756381643215978518937426297684513732561894469872135851493762"
267,"872359461169784532345216987687492315213567894594831276751928643428673159936145728"
268,"269531487538479126417862953754698312182743569693125874325986741876314295941257638"
269,"164739285279485613538216479345927168827561394916843752492678531683152947751394826"
270,"691273485543891762728654139356718924982546317174932856219485673435167298867329541"
271,"592186347376254891148793265957861432823947156614325978435618729789532614261479583"
272,"754392186283146957169785234417928563692573418538614792871469325925837641346251879"
273,"519486732642137985378295461867953124453612879291748653135869247926374518784521396"
274,"672983415985124367314567289248736591597218643136495872423671958851349726769852134"
275,"846915273953872416271364598764283951529146837138759624482537169315698742697421385"
276,"529348176748516293613972458374851629251697384896234715435129867982763541167485932"
277,"468723159215498367739561428327619845841357692596842713653984271184275936972136584"
278,"741932856329658174568471293217596348436287915985314627674829531193765482852143769"
279,"837952461261483957549716832423169785156378249798524613974631528385247196612895374"
280,"527489316346712958891356724968247531213598647754163289139624875675831492482975163"
281,"592614873318975426647238951439856712725341689186729345853167294271493568964582137"
282,"164253879537689124298147635971426358823795461456318297682971543319564782745832916"
283,"871643925542198376936572418385924167724861539169357842217485693498736251653219784"
284,"687931254152487936394265187739512468528674391416398725845729613261843579973156842"
285,"469835217827169354315274689754683192981752436236941875193427568548396721672518943"
286,"462195387379486251158732694936841725587629143214357869743568912691274538825913476"
287,"521798364398546217764321598613279485245813679879654132456937821932185746187462953"
288,"812756934579834621364291578456378192293615487781942365647189253935427816128563749"
289,"596173428487692153231485697953846271128357946764921835349768512872519364615234789"
290,"135942678648517392297836415486321759513794826972685134821479563754263981369158247"
291,"651749382284631759973825641815963427726584193349217568138452976592376814467198235"
292,"251678349743291856869435271492153687178964523635782914524316798387549162916827435"
293,"832974165456182973179563284617839542925741638348625791594317826281496357763258419"
294,"864172593125839647379564218486923751913758462752416389541387926697241835238695174"
295,"129836745768154239534279861652483197397615428481927356815392674276541983943768512"
296,"675432189213859476984671253546293718831765924729184365152348697468917532397526841"
297,"654792813839615247712384965491256378378941526265873491127539684943168752586427139"
298,"193452678485736921762819453374921586258367149619548237827195364936284715541673892"
299,"543926781217458369698371542486593127132647895975812634821734956354169278769285413"
300,"985317264613542987724986513349758621867123495152694738496835172578261349231479856"
301,"123598467694732851785146392238951674967384215541267983816425739352679148479813526"
302,"264793851753816429189524736491378265825469317637251984946182573372645198518937642"
303,"647315982198724653532869147815497326369152874274683519926541738781236495453978261"
304,"725413896961827453483695712376259148152784639849361527297148365518936274634572981"
305,"321469785764581923958273614437928561812356497596714832283647159149835276675192348"
306,"531746298967281534284395167156823479423967815798154326879412653315678942642539781"
307,"452176983697348521813529674371895462526734198984612735268951347745263819139487256"
308,"321869745894357612576214839768495123439621578152783496213578964687942351945136287"
309,"457821936819635724362974518291748365534216879786359142125497683948163257673582491"
310,"862743159471958236953126478125469783389571642647382915794235861516894327238617594"
311,"934152876126487593857639421248591637579368142613274985382916754765843219491725368"
312,"615389427837542169294716538971254386562831974483967215126498753759623841348175692"
313,"451379268972658143863214975527841639194763582386592417648935721739126854215487396"
314,"351279648789364125426581793975623814618745932243198567594836271132957486867412359"
315,"253791684194368257768452193387924516642175938915683742876539421521847369439216875"
316,"468973125325164987719285364893527641572641893146398572934756218257819436681432759"
317,"481753926392681745576924138649172853713548269825396471958437612264815397137269584"
318,"841265937925347618637189524274918365186453792359726841468532179713894256592671483"
319,"312698574857124963496753821681542397543976182279831456968317245734285619125469738"
320,"963412857751938642842657139317589426698241573425376918536794281179825364284163795"
321,"312684759895327461674159283159742638783596124246813597467935812538271946921468375"
322,"384925167961783425527164893438651972615279348279438516842596731156347289793812654"
323,"543796218296851473718243695861375942972468351354129867485912736127634589639587124"
324,"836179524945263187271845396569734218412958673387612945794526831158397462623481759"
325,"563278491298415673741369825319682754872954136456137289984526317637891542125743968"
326,"126593478875412369439768251543821697791635842682947513317256984264189735958374126"
327,"641728539237695184859134672716352498925847316483916725174269853598473261362581947"
328,"184673529576294183392851764438765291761942835925138647819327456647589312253416978"
329,"251764938347198265986352417198573642732649851465281379813425796624917583579836124"
330,"478159236951263874623784951897531462546972183132648795264397518715826349389415627"
331,"641285397573419682982637154437592861215863749896741235759328416168974523324156978"
332,"382561947549378261716492853458713692671924538923685174297836415835149726164257389"
333,"291843657485726193763951842642175389537489216918362574826597431159634728374218965"
334,"173589642842136975956274318798463251524791836631852794315627489467918523289345167"
335,"169725483357984126824631957592867314731492568486153279218379645643518792975246831"
336,"297831564365724891481659327532498716719263458648517932154982673973146285826375149"
337,"314285769572694183986173254827951346145367928693842517269538471758419632431726895"
338,"586197423193524786472863951351976248769482135824315679248631597637259814915748362"
339,"874253916239614875516987342128496753947532681365871294492168537781325469653749128"
340,"894576231273841695516932847359284176481763952762159384935617428147328569628495713"
341,"952861743736542198418739526264198357385627914179453682541386279627914835893275461"
342,"962518374351427968487963215793685421614372859528149736275891643836754192149236587"
343,"195264873627831459438597126863759241714628395259143768972386514586412937341975682"
344,"874195362213867954596342871385271496467983215129654738731528649958436127642719583"
345,"418356279793842165256179384829715436561423897347968521134687952975234618682591743"
346,"672894531943215687581673294198732465754168923326459718237586149865941372419327856"
347,"182437596976825314435961872269374158348512967517689243821756439654293781793148625"
348,"265917483749368125381542967153294678697831254428756319976425831532189746814673592"
349,"614793285329158674578642913956437821487219536132865749891524367245376198763981452"
350,"381694275742135986695872341154327698236489517879516423567941832428763159913258764"
351,"761345289432819567859672314178923456623154978945768132284536791397481625516297843"
352,"871653294423189567965427183152976438386241975794538621239814756648795312517362849"
353,"218349567945617823673528941829754136461932758357861492184296375736485219592173684"
354,"921856473748321965653749218284965731517438692369217584875192346132674859496583127"
355,"256798341791345826348261759987654132635182974124937685869423517413576298572819463"
356,"743251869165893472892467153231785694684319527579624318418572936357946281926138745"
357,"416739852395824617827516394273985461649173285581642739932458176158267943764391528"
358,"648759213721634985395821764136297548957468321284513697873942156519386472462175839"
359,"674521398913867254285394671461953827758642913329178465536419782897235146142786539"
360,"249173856816594237573862914697431528382756491154289763921347685768915342435628179"
361,"459163728237489561861527394673951842125834976948276153312695487584712639796348215"
362,"613247895984635127752189436836724951491568372527913684248356719169872543375491268"
363,"472915863653287941198643275961832754584769312237154698825496137316578429749321586"
364,"524186973938527614761943258189674325276358149345291786892735461653412897417869532"
365,"179653842352847196468291573791432658235786914846915327914378265687529431523164789"
366,"296578341145923786387614295938256174514837629672149853823465917751392468469781532"
367,"864139752917852364523647819352478196786915423491326587238761945145293678679584231"
368,"124385769879462153653197482718523694536849217492716835285971346947638521361254978"
369,"751923468682475391493681257314796582527814936968352714836547129149238675275169843"
370,"528379461769481235143526897284617359631958742975234618856793124397142586412865973"
371,"719632845582471369346895172138964527625317498497258613851726934974183256263549781"
372,"648519237917823645532647981396275418754168392821934756285396174469781523173452869"
373,"786593421129468375435172968268319754941785632357246819674951283813624597592837146"
374,"215679483348251967679438251427165839986324715153987642591746328834592176762813594"
375,"123964587675128493894375126738496215549712638216853749362581974457239861981647352"
376,"219475638376821945845639271563214789198753426724986153652397814437168592981542367"
377,"347685921652197384891324675278513496916748253435269817524976138183452769769831542"
378,"652481379197563842834279516765392184281746935349158267926817453413625798578934621"
379,"174892536285763149639451872348976251952318764716245398427139685863524917591687423"
380,"254781963189356427637429185975168234321594678846273519762935841493812756518647392"
381,"863715429572964138914382765248539617356471892197826543485193276729648351631257984"
382,"798356124264719835135824769921485376853697412647132598586973241472561983319248657"
383,"724359861936812457581746932347295618869471523152638749675923184413587296298164375"
384,"873695124145782369629431857436829715712356498958174632397268541264517983581943276"
385,"543127689168943725729865413215496837637258194894731562452619378981374256376582941"
386,"743619285628475139951832476396754812415268397287391564172586943834927651569143728"
387,"591673428278149365634258971312864759856792143947315286165437892483926517729581634"
388,"691452873358716294742893651185379426467521938923684517574938162819267345236145789"
389,"256843197941567382387219546718954623425376819693182754869435271172698435534721968"
390,"731928546456173928928645137869734215345261789172589364593416872687352491214897653"
391,"467258193523491687918763452645137928389625741172849365736982514254316879891574236"
392,"683179245957264318241853769578642931496317852132985674729531486814796523365428197"
393,"416752893895314726327869415578921634941536287632487159164293578783145962259678341"
394,"542697381379418625168253749694832157217945836835761492983576214426189573751324968"
395,"736928541491573628285461973648315792972684315153792486329846157514237869867159234"
396,"642135987839276451175498362584312679716859243293647815321784596457963128968521734"
397,"269538741378461592451972836814359627736124958592786314127893465945617283683245179"
398,"689754312453219687172638549826971435734526198591843276245187963918362754367495821"
399,"713258964249163857658749312571632489892574631436981725385417296964825173127396548"
400,"938127546471569328652348791389654172764912835215783964527836419143295687896471253"
401,"854167923732948165961532748128794356643215897579683214496871532217356489385429671"
402,"238719645647253981591486723715928436469531278382647159873164592956372814124895367"
403,"425739816398261457167485923251647398683592174749813562932178645514326789876954231"
404,"897352641562491837431687952976835214245916378183274569628743195354129786719568423"
405,"132968574587324961964715238259137846718649352643852719896473125321596487475281693"
406,"463257189582139476719864523235498617641725398978316245394681752827543961156972834"
407,"132748956597632481468519723615273849789154362324896175953427618871365294246981537"
408,"629137854834625971517984623796842135285316749341579268978463512452791386163258497"
409,"568194732479632185123587694896725413317468259245913867781259346934876521652341978"
410,"543678912967123845281459736175396284826741359439285671312864597794532168658917423"
411,"375948612286731954941256783739584126124697835568312497457829361693175248812463579"
412,"254798163931426578876135429413862957627954381589317246168543792795281634342679815"
413,"497683125356172984812945763248397651735461892961258437573819246184526379629734518"
414,"361259784897416235524387916752194863943768152618523479286931547439875621175642398"
415,"473582169581396742296741385917624853328915476654837291149258637865173924732469518"
416,"794628315531794826628153974489376152217589463356241798162437589873965241945812637"
417,"895674123673291458214835697768359214542186739139427586927543861486912375351768942"
418,"281764953495231678367859412679123584153486729842975361928547136734612895516398247"
419,"319685427275149638648327519853962741492871356167453982936214875724598163581736294"
420,"184972365952463871376518249238795416791634528465821937823156794519347682647289153"
421,"852694371367812954914537826248963715579481263631725498486259137125378649793146582"
422,"214597386835641927796283541368952714527814639941376258459728163173465892682139475"
423,"819574263532691478476382159193456782657928341248137695725863914384719526961245837"
424,"736142859891573246245689731453296178189357624672814395324961587567438912918725463"
425,"751326948483597216692418537516943872279185463834762159348271695925634781167859324"
426,"583172649764398251921456378192865734875243916346719582218637495657984123439521867"
427,"175398246824576193693214875519637428462859731387142659238765914956421387741983562"
428,"625814739819732546473695218738426195164359827592187463287943651356271984941568372"
429,"941376528375482916628951437467138259213569784859247163732895641586714392194623875"
430,"958624371431798265726513849874156923563289714192437586217945638689371452345862197"
431,"543197628182635749976842531731964285854271963269358417427513896398726154615489372"
432,"637251498249876135185394762751462983463589271892137546516948327374625819928713654"
433,"817239564395614872426857319253146798679382145184975623532791486768423951941568237"
434,"271863495894517263536942871128675349359284716647391582965438127783129654412756938"
435,"964731285723985461185246937649358712378192546512674398431827659897563124256419873"
436,"329146785675832941418759236753428619196573824284961573867394152941285367532617498"
437,"349725618628491573715863429152639784983574162476218935567342891831956247294187356"
438,"851362947693457821247198365572836419439571682186249573714983256325614798968725134"
439,"945738162218694753736521489364219875187345296592876314653487921821953647479162538"
440,"621759348495683721837214956143578269258396417769142835514837692382961574976425183"
441,"954312867623789415178654293845123976297465381316897524769548132481236759532971648"
442,"371489256695213748824657913467831592953724861182965374536172489248596137719348625"
443,"387412596146795832529683417914526378762348951853179624435267189291834765678951243"
444,"278915346563784291914632875786293514392541687451876932647329158829157463135468729"
445,"246738195753914682189562437824671359397485261615293874961327548438159726572846913"
446,"693185427758924613241367985432896571167542398589713264326478159975631842814259736"
447,"863279145452186973971435682284367591135924867796518324528791436617843259349652718"
448,"678159324914238756352467198197682543425713869863594271749821635286345917531976482"
449,"175496382684321759932785641451238967826917435397654128519843276263579814748162593"
450,"932587641674132895518496372145923786769845213283761459456379128821654937397218564"
451,"429716358863945172571832946312469785948257613657183294134698527786521439295374861"
452,"843752619216489357759631482581264793492375168367918524175823946938146275624597831"
453,"685193427314752689927486153153948762792635814846271395278564931461329578539817246"
454,"627591348493867215518234679172648593346975821859123467781456932965312784234789156"
455,"864213957129745638573869142285934716341672589796581423918356274432197865657428391"
456,"872643195394185726516297843927316584643852971185974362438529617261738459759461238"
457,"573829146629417583841536297365742819712968354498153762284675931157394628936281475"
458,"932746518185923674476815239847169325263457891519382467621598743754631982398274156"
459,"298764531745381269631592784984237156512946378367158492479815623856423917123679845"
460,"382456179597821463146397528769518234435279816218643957953164782624785391871932645"
461,"549817263276453981813296754135642897924578316687139425362785149498361572751924638"
462,"392748651645912783178365492986423175521897364734156829469571238253684917817239546"
463,"856324971273196845419785362647519283385472196192638754538961427961247538724853619"
464,"172984563853762941469351827746198235298635714315427689934276158687513492521849376"
465,"542867193361492875987315624628754931713986542495231768179543286254678319836129457"
466,"638742519724591368591683472973814625815276934462935187249367851156428793387159246"
467,"834125976915476283672893154357962418461758329289341567198237645746519832523684791"
468,"634971582918526374257843691341685927895237146726194853573418269169752438482369715"
469,"136248579745139682298657134351462897867593241924781356512374968679815423483926715"
470,"657941238891235746324876159736524891548169327219783465173692584982457613465318972"
471,"239847156864521973715936842483195627597264381126783495978312564651479238342658719"
472,"647283195391574682258691743789325416423169857516847239874936521965412378132758964"
473,"317452986952816473864973521143528697789641352526397814631789245478265139295134768"
474,"284759361697134825315862479842597136739216584156483297961348752428975613573621948"
475,"756183942948752136231964857413826795895417623627395481382641579179538264564279318"
476,"623157498958643127471298536542716389736589241189324675865932714314875962297461853"
477,"463829157782165394591347628215983476876451932934276581347692815158734269629518743"
478,"231495678647813925859672143796581234523749861418326597375268419982134756164957382"
479,"387169524192457638456283971273641895569378142814925763938714256641592387725836419"
480,"168357429247819365395624187934265718781493652526178934679532841453781296812946573"
481,"246371859897265134351948627924657318578132496613894572765419283132786945489523761"
482,"794516238128347569536928174613872945257439816849651723962783451375194682481265397"
483,"845127936327946815961835472784519623613472598259683741532764189176298354498351267"
484,"246835971537912684891764523329648157675193842184257369962481735713526498458379216"
485,"481295763795836421362714958617453289549182376823679145176928534258341697934567812"
486,"753481629149627385268539174526874913897315462314962857685743291931256748472198536"
487,"547182396826739154139654728274598631915367482683241579351826947468975213792413865"
488,"659784231472315698813296457398651742526479813741832965187963524934528176265147389"
489,"349651827512847369786923514491576283257384691863192745935218476124765938678439152"
490,"579132648632784591841596327465379812913268754287415936794651283156823479328947165"
491,"563874912812936547497251683639127458245368791781549326974612835156483279328795164"
492,"517692834248137596936845217865419723173256489429378165382764951751923648694581372"
493,"897534216642971853135682479759823641381465927426719538514398762973246185268157394"
494,"869347251524918763173625984641893572792451836385276419418739625256184397937562148"
495,"421963758368751294759248136517689342286314579943527681834172965692435817175896423"
496,"496523718872196453351847926923751684165984237784632195637215849519468372248379561"
497,"216854973583719642497326815624593187138267594975481236352948761841675329769132458"
498,"254716389876953214319482567531647892647298135982135746495871623768329451123564978"
499,"197543682564298713382761459728315964659874321431629875845136297213987546976452138"
500,"867413952213759846549826371635198427174532689928674513482961735791345268356287194"
501,"752394618381562749964718523125973864896451372437826195578149236643287951219635487"
502,"759246813418739526362815947287694351935187462641523789593462178124978635876351294"
503,"467519238581324769932768451376981524815243697249675183123496875754832916698157342"
504,"417289653598376412263415879831742965749563281625198347954821736386957124172634598"
505,"796214385531968724842753916257149638189635247463827159915386472624571893378492561"
506,"593427618827615934164938752781563429239741586456289173675892341912374865348156297"
507,"197853426482697135563214789954378612671542398238169547725481963346925871819736254"
508,"518647293296385147347921568173268459469753812852419736781536924625894371934172685"
509,"635794281971528436248163795386917524459632817127485369864351972793246158512879643"
510,"467531829892746153135289647783425916259618374614973582941867235578392461326154798"
511,"216375498395418672748296135834769521567821943129543867483952716672184359951637284"
512,"924617358178593246356482917795248163481376592632159784517834629869725431243961875"
513,"712538496863419275459762831927845613641293587385176942596387124138624759274951368"
514,"845136297312749865796285341284913576573462189169578423937821654658394712421657938"
515,"578193264349862751216574938451738692967251483832649175683417529195326847724985316"
516,"395781462641295837728463951564927183237618594189534726452379618876152349913846275"
517,"396581742541723896827946351964835127273194685158267439412379568685412973739658214"
518,"196523784573846129824917563965382417238174695741659238357291846682435971419768352"
519,"852916743149732586763584219315879624928465371674123958436251897597348162281697435"
520,"967841235415327968823695714539182476642579183178463592256718349381954627794236851"
521,"417685923268379154593124678724561839136892547859437216985243761371956482642718395"
522,"632175894149836725857924136518769243924318567763542981496251378385697412271483659"
523,"157863492862749153439512678581627349943185267726394581318476925274951836695238714"
524,"635749182792851436418632597543986271976125843281374659327418965859267314164593728"
525,"536978241287146395149523876658291734372465918914387652861759423495832167723614589"
526,"948721536725936184631458972564372891813695247297184653356249718482517369179863425"
527,"147896253658423791293517684561249378739658412824371965972135846385964127416782539"
528,"964371825253846179781295634192658743578439261436127958829564317615783492347912586"
529,"529613847671845392843729651256478139438951726197236584382164975964587213715392468"
530,"567928431129436758483715926614382579398571642752694813945263187836147295271859364"
531,"615382974937645182842197563291576438486913725573428691354269817729851346168734259"
532,"917823645563947281824615937291586473386479152475132896748361529639258714152794368"
533,"254196783163872549879435621695784132427613958318259467532961874986347215741528396"
534,"482597361167238459935146782573964218291785643648321975356872194824619537719453826"
535,"648923517731645928592178634927381456164259873385764291816532749453897162279416385"
536,"675134982321879456894562173267451839143986527958723641712645398489317265536298714"
537,"864192753197563428532478691975231864648957312321684579489716235713825946256349187"
538,"389761425251483967674952183893675241715248396426319758167524839532897614948136572"
539,"269174538871653294345928671934562187628731945517489362496815723752346819183297456"
540,"579832146421659783836714592187463259653291478294578361368147925942385617715926834"
541,"714589623356724189928316574183497256269853417547162938892671345471935862635248791"
542,"623189754498257163751463298186745329249836571537921486874392615315678942962514837"
543,"867524319149837625235169784421683957356791842978245136783952461514376298692418573"
544,"958423176763198254412567938527684391689351742341279865896742513175836429234915687"
545,"386451927754926318291738546462395781917682453538147692675214839143869275829573164"
546,"367492158129586743584371269642713985731958426958264371893647512415829637276135894"
547,"598143726263879514174265389647528193821396457359714862936481275482957631715632948"
548,"479823651386571924521496378912347865645182793738965412197238546263754189854619237"
549,"263195874987634125451782693196428537738956412524317986649271358375849261812563749"
550,"538612947472539186169874235817456329326987514954321768783265491645193872291748653"
551,"965837214724196835183425976836742591492513687517968342241689753679351428358274169"
552,"836597421491263857725148936247936185583412679169875342378629514912354768654781293"
553,"762851394481639527953247816196784235237165489548923761819572643325416978674398152"
554,"934516287815237496762498315247153869581629743396874521473981652158762934629345178"
555,"481362957276159384359784612532478196967215843148693725624931578893547261715826439"
556,"369481725245397816781562349674238951812659473953174268526843197137926584498715632"
557,"516894273749632815238517946381975462495268731627143598953426187864751329172389654"
558,"972436815348519762165728394537691248624853179819247653293175486481962537756384921"
559,"972564183851273469634981572189357624463128957527649318745836291218495736396712845"
560,"674529138521683479398741652269875314187436925453912786836154297742398561915267843"
561,"964273815271958364583164792439527186126389547857416923392741658748695231615832479"
562,"237159846498362571165784923856491732912637458374528619521976384749813265683245197"
563,"381567492926843751574912836493186275867325149152794368635271984718459623249638517"
564,"895372416314896725762145389683527194957418632241639578529761843138954267476283951"
565,"958617243264893517731452986317289465695174328482536179123968754576341892849725631"
566,"873952164124678593569134278946721385318495627752386419297563841485219736631847952"
567,"985721364342685791167439582718246935493158276526973418671592843239814657854367129"
568,"635297418781543296249168357567312849394786521128954763473629185952831674816475932"
569,"876419532314256897952378641739582164168943275425167389641895723583724916297631458"
570,"847519362259634871316278954731846295492357618568192743184963527625781439973425186"
571,"917364285835279641642518397496785123728143569351692874274851936563927418189436752"
572,"678291435154368927932457861895674213721839546346125798419586372287913654563742189"
573,"178964253563728149492531867914372685625849371387156924849617532736295418251483796"
574,"138695724564732981927418653492576318756381249813249576279164835381957462645823197"
575,"421675938396824175587139462254798316169543287873216594618952743932467851745381629"
576,"236495781971863524548172396715349862482657139369218475653721948127984653894536217"
577,"517634892423198567869527134234865719156479283978213645692351478381742956745986321"
578,"286719354175634289439852617743586921928147536651923748517268493362491875894375162"
579,"618425397279318546534697281187934652463752918925186473891243765752869134346571829"
580,"692814573341567289785329614836152497217948365459673128974231856528496731163785942"
581,"213794865765382419849156732926537148178469253534821976357948621482613597691275384"
582,"852913764473862591961475382618734259524698173397251648239546817786129435145387926"
583,"815634792942718356637529184163487925784295613529361847478953261396142578251876439"
584,"476892315395671284182534769568729143749163528213485976621358497834917652957246831"
585,"473185962592736148618294753326849517957612834841357296184523679269471385735968421"
586,"865237149493186572721954638219478365348695217576321984934762851687519423152843796"
587,"248173956319256748675498231467581392951732864823964517592647183136829475784315629"
588,"746918325125346987938752146417583692659127438382469751863291574274635819591874263"
589,"459316728863275419721984536186492375345761982972538164698153247217849653534627891"
590,"568972314371548692294613875489135267637294158125867439712389546843756921956421783"
591,"968314257472568139315972684846257391591836742237491568729643815684125973153789426"
592,"269751384587346912314982657691278543453619728872435169125897436948163275736524891"
593,"326497185849531672751682394594176238213948567678253419487365921932714856165829743"
594,"816742395924356187537891426293467851785139264641528739179285643358674912462913578"
595,"798546213216398754435172689652719348381465972947823165523687491179254836864931527"
596,"943582167268731945571469328754126839186973452392845716439658271617294583825317694"
597,"246318795593762418781549326458193267679825134312674589925481673137956842864237951"
598,"126984735458327169973156284685793421239541678714862593562438917897215346341679852"
599,"954162738318957426276834519649321875723586194581479362865793241132648957497215683"
600,"274953186659187342813624579496815237527439861138762495745298613962341758381576924"
601,"254376198396851472781942635132597864649183527875264319913425786468719253527638941"
602,"683974251172658349459132768916283475235417896748569132361725984597841623824396517"
603,"574923861361748529928156743749581236812364975653279184237415698485697312196832457"
604,"852961734179384265463275891391428576784516923625739418938642157517893642246157389"
605,"192475386645813792837692415428769531519234678763158249986327154351946827274581963"
606,"647835219283197645195264783912573468756481392438926157374658921521349876869712534"
607,"795416823123758964846923175357241698481697352962385741574139286638572419219864537"
608,"129374568638125947547968213364719825975286431281453796453891672796532184812647359"
609,"145873926869521437273964158752349861638217594491685372327498615514736289986152743"
610,"943861275216975384875234916689527431457613892132489657798146523324758169561392748"
611,"654937812871462359932815467183756924425189673796324581519673248248591736367248195"
612,"798421635154683927632579841485936712263714598917258463341865279879142356526397184"
613,"854927136137864259629315874465283791918756423372491685783649512241538967596172348"
614,"219845367435672918687319254976438521853921476124567839741293685398156742562784193"
615,"953287614682314795741695283275843961416952378398761542539178426164529837827436159"
616,"831497256759632814624518973945723168283961547176845392417289635598376421362154789"
617,"281759634753641829946823715638215947475396182192478563824567391569132478317984256"
618,"215643879896572431347918625728365914931487256654129783179256348462831597583794162"
619,"698547213734821965215639487156394728387265194942718536821456379473982651569173842"
620,"975614238281935647436782195352467981897251463614398572548176329769523814123849756"
621,"492735168531869742768412359845126973329574681176983425653297814217348596984651237"
622,"317852946824693751596417283182765394975341862643289175258934617439176528761528439"
623,"914867235587312946263594187472136598691758423358249671146973852839625714725481369"
624,"694132587325798641178654392859371426461529873732486915513847269946213758287965134"
625,"951843276387269541264157389473921658629385714815476923792614835546738192138592467"
626,"395716284748932156261548379823691745954273861617485932179864523482359617536127498"
627,"197382456685417923243965187326741895754298631918536742569873214472159368831624579"
628,"594321678871964253236785914785293146163478529429156387618549732957832461342617895"
629,"967251834184936572523487619658742193741369285392815746416573928879624351235198467"
630,"586294731714835296932617485253746918147983562698152347421378659865429173379561824"
631,"479618352315294678682753914163472895928365741754981236246539187837146529591827463"
632,"893542671152736498674891523385219746741365289269487135428153967536974812917628354"
633,"714285963529763814386419275658321497237946581491578326873694152142857639965132748"
634,"387162459954783126162549387573894612896271534241356978625417893719638245438925761"
635,"376452918841379652529816347637945821918723564254681793493168275765234189182597436"
636,"451683279968721543237495618523146897689372154174958326712834965396517482845269731"
637,"326751948185439762479682531693148257512973684847526193231865479964317825758294316"
638,"681574932429831765573296841946125378712983456358467219237619584195348627864752193"
639,"317829546594673218826145397685917432731452869942386175253764981179238654468591723"
640,"256189734798634125134572689582496371473851962961327458819765243327948516645213897"
641,"314276985826549173597831264481627539973154826265398417752983641149762358638415792"
642,"431978256698251734527364198214739865873546921956182347785423619369815472142697583"
643,"724865193918234675653719428837192564592486317461357982189573246346928751275641839"
644,"263475198845961237971823564417638925589217346326549871154396782792184653638752419"
645,"958742136762513489143869572315278964496351728287496351834125697579684213621937845"
646,"152349786368275941749816253523781469491563872876924135217658394634197528985432617"
647,"762953148143287965895614237587369412219548673634172589458726391326891754971435826"
648,"627894315348651792519723648972516483861432579453987261785249136194365827236178954"
649,"981453276326879514745126398234617985817592643569384127193768452458231769672945831"
650,"796231548412958736538476192924867315357124869861593274643782951275619483189345627"
651,"819456273734128965652379481298735146143692758567841392426983517985217634371564829"
652,"692731845814562973735849612386974251129653487547128396278416539961385724453297168"
653,"491568372562347981873921546256483197148279653937615824625194738719832465384756219"
654,"651429873879635421234781659763814295928576134415293768347968512186352947592147386"
655,"652713489197485632834692571561839247248571396973246815729364158416958723385127964"
656,"714982536582673194963514728347269815156438279298157643831795462479826351625341987"
657,"972368145316254987548971326695187234184523679237649518429836751751492863863715492"
658,"125479863693182475487635219964528137518367924732914586879253641351846792246791358"
659,"189723645235649781764158392978412536621835479453976128597264813846391257312587964"
660,"942758361613249875758316249126975483594832617837461592261587934475693128389124756"
661,"396284715271965348854731926187352694645179283932846571568497132713528469429613857"
662,"596241738128793465347586921839412576274658319615379284983125647761934852452867193"
663,"345918726269537814718642539521784693986351247473296185852473961194865372637129458"
664,"234567918579821346681493527168234759395178462427956831943682175816745293752319684"
665,"549167283723948516618532749391274865267851394854693127972386451136425978485719632"
666,"935172468678934251412865739796528143251643897843719625529487316184396572367251984"
667,"843529617576148329291673854728415936164397285935286741317864592489752163652931478"
668,"416538279273149685859627143387214956542396718691785432164953827925871364738462591"
669,"984726531615983274723514869376495182158267493249831756432658917867149325591372648"
670,"983547216145826937627931854568719342294385761371462589719653428852194673436278195"
671,"562371948473982651198645372231758496749236185685419237827194563314567829956823714"
672,"856743912471925386329168547694512873713486295582379461938657124247831659165294738"
673,"458731296269548371713629854571384629934276518826195437342967185187452963695813742"
674,"814293675325716498976458132163925784598347216742681359231869547459172863687534921"
675,"986743512214659837357281694641328975598417263723965148432896751179532486865174329"
676,"721946538536278491498531762364729815285613974917854326649382157152497683873165249"
677,"642139758579864312813725694286391475931547286457682931365278149124953867798416523"
678,"163954287975286143824731956652149378497823615318675429231597864746318592589462731"
679,"654293781213867954987541236879134562126759843345682179438925617591476328762318495"
680,"251846793346975821798132645874591362529683417613427589465319278932768154187254936"
681,"876459231259317648413682579728561493641893725395274186184735962567928314932146857"
682,"932854716158769423674123958523496187861537294497281365245318679389672541716945832"
683,"853619427647253918291784536378925164426137895519468273984372651765891342132546789"
684,"597684321248731695361925847459318762136472589782596413614253978873149256925867134"
685,"147863529296451387835729164983615742564972813712348695321596478678234951459187236"
686,"317658942529147863846392715638921457254786391791435628965273184183564279472819536"
687,"236471958719258436485396721654129387827643195193587642968735214341862579572914863"
688,"795148263328596741461327895536974128917283654842651379153462987684719532279835416"
689,"892637145643158972175249386318594267927861453564723819431976528286315794759482631"
690,"367182459891475326254693178729846531546321897138957264672514983485739612913268745"
691,"354297816178365429926814375769541238841932567532678941215486793497153682683729154"
692,"713628495946715382258934617197342568325867149684159723562493871831276954479581236"
693,"348291576176358249529647318912836457685174932734529861263915784857462193491783625"
694,"562978134198234567347516892259867341816345729473192685685421973921783456734659218"
695,"951473628367982541842561739418295376273846915596317284685724193124639857739158462"
696,"789125463351476829462398751627581934913264578548937612274853196835619247196742385"
697,"963478152475621983182953764231784596647519328598362417859237641314896275726145839"
698,"368415279975832641241976538126748953893561427754293816589127364437659182612384795"
699,"819736452352148967746259813493871526167524389528693741975412638631985274284367195"
700,"683749251527136489914852367498321576251697834736485912865914723379268145142573698"
701,"527318694619574382348692751894753126265941873731286945972135468186429537453867219"
702,"278315496941786253635249817183524679496137582527698341814963725359872164762451938"
703,"365721849842396517179548236498215763527963481631487925913874652754632198286159374"
704,"913268475486597321275143896398625147647831952521479683832956714759314268164782539"
705,"658239147312478956974165823567823491831954762429617538745386219296741385183592674"
706,"732145968594862731186739245328457619659213487471986352245391876867524193913678524"
707,"254638917987251346136479285649387521518926734723145698462713859891562473375894162"
708,"396581472148792563527364891789635214615249738234817956463958127852173649971426385"
709,"918264375456173289723589461684712593231895647597346128172458936849631752365927814"
710,"496785231512934867837216549649527318781369425325148796174893652268451973953672184"
711,"278134965159862734643579128524981376916743852387625419835297641461358297792416583"
712,"578314962261579384394862517953687241186243795427195836819726453632458179745931628"
713,"938162475142357869657894312781423596426985731395716284864571923519238647273649158"
714,"318249756627153948594876132961328574245761389783594261139487625872615493456932817"
715,"765831942819264735432579168981453276647928351523716894376142589258697413194385627"
716,"374169582895342761612785943289516374436978125157234896521697438968453217743821659"
717,"348596172291784356675231498586913724129847563437625819953168247812479635764352981"
718,"584631792762598431931472658129857346847316529653249817398165274275984163416723985"
719,"197548623823716945654923781715239468268457319349681257576892134981364572432175896"
720,"427359168619824573358617942935762481864195237172438659596273814741986325283541796"
721,"251437968984162357736589412512798643379654821648321795825976134493815276167243589"
722,"453791286629348751187526394345819672871263549296457138518932467764185923932674815"
723,"793126584248957316165348279329461758857239461614785932986572143472813695531694827"
724,"357961284648273159912584673179842365825136497463759821736425918281397546594618732"
725,"531297486864531792792468513258146937943752861617983254476819325185324679329675148"
726,"142738965679251384538496127265984731784315692391672458827163549416529873953847216"
727,"651379428478126395392584617867235149234791586915468732583947261126853974749612853"
728,"724853169683197254951264783247618395398425671516379842462981537879532416135746928"
729,"468213579753698421129547863935826714216475938847931652391754286584362197672189345"
730,"964328715531476892728195346687214953195837624342659178876541239413982567259763481"
731,"965142387748693251231857946372561498456789123189324675897236514614975832523418769"
732,"918324567632579148457816239879163425341295786526748391784952613295631874163487952"
733,"483127596716859243259436871834275169961348725527961438695712384378594612142683957"
734,"432671958678539241591482673749268315156394827283157469917826534865743192324915786"
735,"164523798389714256572968143837259614296341875415876932953687421748132569621495387"
736,"169524378247863951835197624316452789498671532572938146721346895653289417984715263"
737,"719462835384591726265378194528736941476189352931245678652913487843627519197854263"
738,"472561839856392714931784652614873295287945163593216487729138546368457921145629378"
739,"827519463945368721631427598718692345362745819594831672153276984286954137479183256"
740,"862573941174892653953614782425987136716325498389146275298731564647258319531469827"
741,"874925631239671548516483792792356184681794325453812976968147253327568419145239867"
742,"924685713367214985185397246591832467246179538738456129473961852852743691619528374"
743,"685391724379284615124765398261479583857632941493518276712853469548926137936147852"
744,"749153682138629547562748391913475826485296713627381954251837469874962135396514278"
745,"254319876739268154168457239613984725482573961975126348596832417347691582821745693"
746,"175923486248167593963854172751486239639271845482395617524738961897612354316549728"
747,"156739248478265913329148675964851327785324169213976584597682431631497852842513796"
748,"394276851276158943851349762142965387567831429938724615623587194789412536415693278"
749,"632178495897542613415963782379485126164729538528631947981357264743216859256894371"
750,"276934851413568297589721463845697132627183945931245786794352618362819574158476329"
751,"217984536643725891985631724351869472476253189829147365532498617768512943194376258"
752,"573862419248159376691374582425716938167983254389245167814597623736421895952638741"
753,"321789465784356912659142873562493781413678259978521634295837146137264598846915327"
754,"136498257987251346245367189569843721428176935371925468893612574712584693654739812"
755,"489637251167452938235198674514286397896371542723945816341829765672513489958764123"
756,"846519237257438196139726485971284563623157948485693712714865329362971854598342671"
757,"928165743165734289437289156756821934342597618891346527619453872274618395583972461"
758,"851976243967234518234851769798615432416328957325497681142763895673589124589142376"
759,"169785243732164985854329176971852364546913827328647519617538492495271638283496751"
760,"185964732736521498294783651659318247827649315341275986512497863463852179978136524"
761,"863547219475129863912863574658471392241396758397285146724918635139652487586734921"
762,"367952418518364972924871356872436195639215784145798623291683547453127869786549231"
763,"917246835846359271523817469392784516468591327751623984274135698135968742689472153"
764,"583692174264871593917534268635418927872965431491327856149753682326189745758246319"
765,"921637485638524197475189263156398724289471536743256918512843679394762851867915342"
766,"576913842841672359239548167953861724762394581184257693615439278398725416427186935"
767,"873941256145628793962573418789364521651792834324185967596817342217439685438256179"
768,"458231769237896154169547238971385642524619873683472915895163427346728591712954386"
769,"641795382378462591529381674167943825482516739935278146753124968216839457894657213"
770,"794218365532697148168453792925136487341875629687924513213749856456382971879561234"
771,"931845627427136589685972341758413962193267458264598173316724895542389716879651234"
772,"263749518417583269985126734851937426629814375374652891798365142146278953532491687"
773,"458169237762435198913872546125697384687314952394528671241753869576981423839246715"
774,"169358472438279615572641389914837526653124798827965143341592867795486231286713954"
775,"268745931791832564345169872937681425652497183184523697426358719513976248879214356"
776,"264589173871364529539172846496725381158493762723816954647938215382651497915247638"
777,"497265183625318479183947625951824736264573918738691542576482391342159867819736254"
778,"349856712872413965516927843287369451164275398935184276498531627653792184721648539"
779,"213697458649815723578423691156742839732958164984361572327584916465139287891276345"
780,"913475628864123597527986413681749235245318769379652184456891372192537846738264951"
781,"873246591192735684546189732961354278785621349234897165657418923429573816318962457"
782,"594726381128493576763158249385972614971645823642831957856317492437289165219564738"
783,"713264985256918743849735126581396274324857619697142538932581467165473892478629351"
784,"751942638326875194489136752948613527675428913132759486263597841894261375517384269"
785,"941827635623591847758436912389145726417268593265379184136782459874953261592614378"
786,"586173924439268157127549836345981672872456319691732548763814295914625783258397461"
787,"492687351371952864856413729124738596538269417967541238249175683685394172713826945"
788,"274896153358712469196345872465978321729163548813524697582639714931457286647281935"
789,"967481253135962487842375169384259716679814532521637948413728695798546321256193874"
790,"413276958825419673679385412286541397954837261137692584761924835392758146548163729"
791,"479861523863425791215379468736958142942713856158246937394687215527134689681592374"
792,"856237914427951386913486752235794168691528437748613529182349675564172893379865241"
793,"724891365956437182381652974572986413693174528148523796817245639235769841469318257"
794,"387156492914723856562498371245967183673814925198532764831275649456389217729641538"
795,"639217485487953216521684397312875649856439172794162538243598761178326954965741823"
796,"176342958394856721528197463765234189839615274412789635957428316241563897683971542"
797,"185437269749628351236915487697342518421589736853176924918753642562894173374261895"
798,"259736184438921576176485239517398462394562817862147953985273641643819725721654398"
799,"784916235962753184531248697629481573347695821815372946293164758456827319178539462"
800,"259716834147385296683249157471958623925634718368127945512873469836492571794561382"
801,"135749628698231574742865931857692143469317852321458769914526387286173495573984216"
802,"341597826598362417672148593186473259734925168925816734257689341819234675463751982"
803,"945287136217693458368451297489365721126879345753124869532918674691742583874536912"
804,"276819534381754629495236718518642973629387451734195862852963147967421385143578296"
805,"726913845513486792489257163294738651871625439635194278957841326162379584348562917"
806,"912876354637549821854312976263987145491653287785124693346798512579231468128465739"
807,"213547689856329417974186253137965824498271365625834791761452938582793146349618572"
808,"514723986736598214928164375351842769672915843489376521167239458295481637843657192"
809,"821543679593617248476892153137956824945278361268431795314769582689325417752184936"
810,"326497185754281693981563247648139752173852964295746318812674539437915826569328471"
811,"945678132782193564136452789593786241271349856864521973659237418418965327327814695"
812,"295837146814652973367941258983724615671589324452163789749315862536278491128496537"
813,"329745816145896372678123495984512763251367984763489521532678149497251638816934257"
814,"648957213715423698329618457431286975592371864867594132986745321274139586153862749"
815,"378591642461782395295634178749128536126953784583476921857269413634817259912345867"
816,"425978316691352874873614529518497263267531498349826751956783142782149635134265987"
817,"367548219814923657259716348948165723521397864673482591136279485485631972792854136"
818,"352981476794536821168472539641359287937628145285147963529863714473215698816794352"
819,"629741358483952176517836249196573482378264915245189763954318627731625894862497531"
820,"247385916863179452159624378631952784924817635578436129792563841316248597485791263"
821,"548269173739451286621738594867514932215397648493826751952643817376185429184972365"
822,"497132685138456972256978143562849317981723564374561298823617459715394826649285731"
823,"294863517183527964756491283932714658671958432845236179329685741517342896468179325"
824,"439251768261784953857396142182547639593168427746923581325679814674812395918435276"
825,"659238174218746953437591628745613289386927541921854367893462715564179832172385496"
826,"654129738197583462283647915418735629539261847762498153926374581841952376375816294"
827,"516248397972316485834957612243761859765829134189435276698172543451693728327584961"
828,"437218956691745238852963714528196347943872561716534892369487125185629473274351689"
829,"698573214174826935253491768736142859481957326925368147867235491319684572542719683"
830,"438165297675392841129874653547613928263958714891247365984536172356721489712489536"
831,"468571932532948671917632845624157398379284156185369724251796483893415267746823519"
832,"926145738341827695578639124293418567487596312615372849169784253852963471734251986"
833,"196247538743815269825693741638429175459178623271536894564382917912754386387961452"
834,"392186754657349812814752396145897623763521948928463175439615287571238469286974531"
835,"172864395893725461546913827485179632961432578327658914714386259659241783238597146"
836,"574618932126493758839725416387952641452167893961834275245376189698541327713289564"
837,"918463725742589613635217498581376942369824571274195386896752134427631859153948267"
838,"932154786145687293867329415379412568526738941418965327651293874793841652284576139"
839,"517836492396425871284179653129358764648297315753614289875943126931762548462581937"
840,"624978315738251964159643278387426591961835742245197683592784136876312459413569827"
841,"951463872743285169862791543297658431435917286618342795174539628529876314386124957"
842,"784912356926573841351846279642357918839461527517298463198624735473185692265739184"
843,"245187963968423715371956842637841529824579631519362478786215394492738156153694287"
844,"789145362243876519561239847328967451957314628614528973892451736175683294436792185"
845,"893267541245813976167954382581732694432596718976481235729648153614375829358129467"
846,"798154623516329748423687591345216879187495362269873154852961437974538216631742985"
847,"642578931985163427713492658856341792234789165179625384391857246428916573567234819"
848,"863419725197582436425763918684275391571938642239146857752894163916357284348621579"
849,"182679453493518672567342918935784126218956734746231589679123845821495367354867291"
850,"251483769683297145749165823127549386894631257536728491412356978975814632368972514"
851,"725483619361297485489156237652738194847619523913542876596871342238964751174325968"
852,"781245396642839715539617482926378154374521968815964237297156843458793621163482579"
853,"259168374386274159714593682891357246632489715547612893475826931128935467963741528"
854,"356897124194532678827461935478615392269348751531279486642953817915786243783124569"
855,"528419673419367852763528491376285914194736528852194736247851369935642187681973245"
856,"854629731762315498931784256419253687583167924276948315627531849198472563345896172"
857,"729351648681942573435687219943216857162875934857439162276593481514728396398164725"
858,"548291763126374958793658142861437529957182634234965817472519386385746291619823475"
859,"436715892729846315518392674274138956195267483683459127357984261942671538861523749"
860,"341725698765918423298346157159873246874269531632451879917584362483692715526137984"
861,"657314892493682715812975436726539184984721563135846927369157248278493651541268379"
862,"356719284921864537847325169469572318538641972712983645695437821273198456184256793"
863,"958346271421975683736812459243761598165298347897534126384159762672483915519627834"
864,"591426837342587916678193524216945783735618492984732651863279145159364278427851369"
865,"352471896674982531819536274546729183728613459931854627483267915297145368165398742"
866,"524681379673952184918473526786195243345728691192364758867219435451837962239546817"
867,"693824175128573964754691328532769841416238759879415632247186593961352487385947216"
868,"871245369426983157935671428182394675794516832563728914648157293359462781217839546"
869,"459628317328175946617943825594732168173586294286491573732869451965314782841257639"
870,"861249753247835196953716248786492531534187962129653487318924675692578314475361829"
871,"623749581489521736517863942195486273734192865268375194342918657856237419971654328"
872,"324851679175946382968237514697125843812473965453698721741369258589712436236584197"
873,"843216957512973468769845123658792341394581276271364589936457812185629734427138695"
874,"619834752524769813873215469357682941198453276462197385941528637736941528285376194"
875,"741385269298761534365429178872156493413897652659234817586943721927518346134672985"
876,"195362487746895123382417695654928731819753264237641958968134572571286349423579816"
877,"461593782937682514285417369623849175178265493549371826756938241314726958892154637"
878,"138297564649531827752864913513476298896325741427189635374952186985613472261748359"
879,"456372918297851634318469725163928457985147362742635891539714286824596173671283549"
880,"719462583432581697856739142374698251561247839298315476185976324923154768647823915"
881,"198547362765329814243186579631874925982635741457912638876291453529463187314758296"
882,"154362987268579314397148625436825791821794563975631842612957438543286179789413256"
883,"945861723763425891128937465382794516416582937597316284234158679851679342679243158"
884,"124798635689435271735621948492156387863247519571983462256814793917362854348579126"
885,"987643512235719864614285739391472685562398471478156923746921358153864297829537146"
886,"712564983598321764463897521127943658954678132386215497875136249649782315231459876"
887,"758142963942367185361589427134625798825973614679418352493851276286794531517236849"
888,"316728594547963812298451367439617258721589643865234971184395726653172489972846135"
889,"893452617217639485645718239156284793932571846478963521521347968369825174784196352"
890,"651274839483965271279831456967352184834619527125748963546187392798423615312596748"
891,"487529613956183274123647985372465198841392756695718432219834567534976821768251349"
892,"346871925159624387278395164791538642635142879824769513562483791483917256917256438"
893,"981547632647283195253691478176458329594372816328169754719824563862735941435916287"
894,"617392845589647321423518967862954173135276498794183256356829714978461532241735689"
895,"429813756687925431315746289561397824834261975792584163176458392958132647243679518"
896,"574692813236581749891734652783215964129346578465978321347159286912867435658423197"
897,"482761953659238471731945682597316248243589167816472395325894716968127534174653829"
898,"253871694917456832486329517874132956521964378639587241792613485365748129148295763"
899,"769153824253487961841962375925614783386725419174839256598246137432571698617398542"
900,"479283516132657489568941372746592831213478695985136247627814953891325764354769128"
901,"253769814496851237718324659932176548147598362865243971329415786681937425574682193"
902,"859641327236978541147523689382157964765894132491362875978435216614289753523716498"
903,"318796425726354918954821673863417259495238761271965834149572386682143597537689142"
904,"845317296623459871719682354534268917168793542972145683286971435457836129391524768"
905,"289546371574318962361729584432967158817453629956281743143672895795834216628195437"
906,"452137869896452713173968245234685971965714328718329456589241637621873594347596182"
907,"492638571135927486867514392528379614946851237713246859274183965681495723359762148"
908,"359721864142863759876594213567942138284315976913687425431259687798136542625478391"
909,"536879214147362958892415376618593742329741685754286139265138497483927561971654823"
910,"367281495241597863589346721415679238738412659692835147976123584124958376853764912"
911,"538162947267934158491758263913286475845379621672415389156823794389647512724591836"
912,"243986175965741238187352649712895364839164752654237981471523896396418527528679413"
913,"693174285158632749427589361361928457245716938879345126784251693932867514516493872"
914,"957832146461579238283146975538697412794215863612384597349758621125463789876921354"
915,"879254136351689724624137985598716243267348591143925678736491852982563417415872369"
916,"275968413468153279319427865652734981741896532983215746197682354524371698836549127"
917,"465873192931625784287419635814362957596784321372591846729158463648237519153946278"
918,"254937168789651432631284597327495816415862379968173245546718923872349651193526784"
919,"819465732465273918237819546526341879741928365398756421174582693683197254952634187"
920,"634817952257396418819254367582673194461928573973145286126489735798532641345761829"
921,"749652138183479562625813749472186953891235674356947821917364285538721496264598317"
922,"271896435986543271453712986168379524732654819549281763314928657895167342627435198"
923,"618753924954268731273149586836514297149827365527396148461935872795682413382471659"
924,"193682754425317986876495231641278395982534617537169842764853129359721468218946573"
925,"714986523598234176362517489231769854875143692649852317457698231986321745123475968"
926,"567239184234518679891467532752981463689342715413675298328756941946123857175894326"
927,"687351249235946718491782563376198452954263871128574936843627195562419387719835624"
928,"153627849724895613689143527967238451415769382238514976872956134546371298391482765"
929,"487213596963745812251689473126534789795861234348972165534198627872356941619427358"
930,"147825936326917584589643712732589641691274853458361297964152378873496125215738469"
931,"723148956519623478486579213872354169641987325935261847194736582357812694268495731"
932,"514328769632597184978164325421839657365742891789615243143256978257981436896473512"
933,"842673519619852347537419268193564872278391654465287931726945183954138726381726495"
934,"632741958915382674847965321253619487489237165761854293396478512128593746574126839"
935,"419376258785412936326895147952643781138527694647189523264931875593768412871254369"
936,"456172983291836547873954162168527394947318256532469718715643829629785431384291675"
937,"976215348354798621821364795615472839239186574487953162742831956163549287598627413"
938,"689374125135926784274185369891243576752861493463597812917432658548619237326758941"
939,"132746895894152367567893214926587143718439526345261789259314678473628951681975432"
940,"657341289192867354438925167865472913213698475749513826321759648586234791974186532"
941,"739461258156328479428579163364217985597834621812956734273195846681743592945682317"
942,"213958467687134529954276138892615743536497281471382695728569314365841972149723856"
943,"398764125275189634461235978653942781189376452742518396526493817837621549914857263"
944,"948162375652387149731954862816439257573621498429875631197246583284593716365718924"
945,"194753268825461973637829514981534627273186495456297831769345182348612759512978346"
946,"427169583386254791951378426874526319519783642632491875743612958268945137195837264"
947,"983172645725634819641895732298461573376259184514387926462518397159723468837946251"
948,"763284951425961387918357462296173845584692173137548296871435629349726518652819734"
949,"826534971194782356753196842645928137387451269219367485961845723472613598538279614"
950,"867135294915274386432986175128359467354627918679418523793561842581742639246893751"
951,"791623548423185697865794321916247853238951764574836912147369285389512476652478139"
952,"352614987917582346486793521674839152129456873835127469591278634763945218248361795"
953,"768294531541387296293615847352169478489723165176548329625931784837456912914872653"
954,"651437982874296513329518674568921347492375168713684295236849751185762439947153826"
955,"249571638638942571157638942423197865891465327765283419576824193384719256912356784"
956,"842651379763829541591347682289165734634978125157432968926583417318794256475216893"
957,"213475698468912357759386412326154789974238561185697234631749825842561973597823146"
958,"579146328162873954384925176815294637423761589697358412748519263931682745256437891"
959,"643912758172568394958743126891274563734695812265831479329457681516389247487126935"
960,"528317469341896257796542381917465823485231796632789145264973518879154632153628974"
961,"897431265614572893235698471149365728526987134783214956952843617378126549461759382"
962,"693418572782653419514792836321846795876539124459271368945367281138924657267185943"
963,"469172538375498162128563749597384621843216975216759483732945816984631257651827394"
964,"689543217247961835135872469958316724312487596764295381571628943426739158893154672"
965,"364921578751483962298675143149736825675298431823154697917562384486317259532849716"
966,"932714568176285943854963712689421375217358694345679281593147826468592137721836459"
967,"195678324384219567276534198649152873532867941718493256827941635451326789963785412"
968,"329486751417953268658271934574628319182539476963147582895364127731892645246715893"
969,"254938617796521843318467592672319485943856271185742369439185726821673954567294138"
970,"694518372187623954532947618859472136263851749471396825928735461716284593345169287"
971,"523461987164879523897532461419628375756143892382957146248715639975386214631294758"
972,"413785629859326741672419853537891462948632517126574938284167395361958274795243186"
973,"568231974423978561917465328156792843794683152832154697245316789389527416671849235"
974,"245683971731549682968271453179865324384912567652734198893426715517398246426157839"
975,"486321795513479268792586143254798316961243857378165924825934671139657482647812539"
976,"254183796786492135931765842628934517543871629197526384872359461465218973319647258"
977,"832574169175369428946281375283157694651498237497632851368745912519823746724916583"
978,"398157264754629138126348975947862513581493726263571489635214897872935641419786352"
979,"245761893893254617761389452678145239324897165159632784986473521517928346432516978"
980,"918652473375184962264937851586719324749326518132845697421598736857263149693471285"
981,"614923578398657421752481369923148756176395284485762193247816935831579642569234817"
982,"923168745651374298784952613576493821239581467148726359362815974817649532495237186"
983,"951274863672538914438196275516429738349867152827315496163942587295783641784651329"
984,"451728936697435218283691457718952643349876521562143789125367894936284175874519362"
985,"245316987197584326368279154512793648789641532634825719926158473853467291471932865"
986,"562184973413579628798623451649817235385296714127435896874352169951768342236941587"
987,"978132654612459837435786921521967483789324516364815279896571342143298765257643198"
988,"482516937976243851135987462349675218627831594851492673293754186514368729768129345"
989,"487593126196472583325168947871246395643957218259831674938614752714325869562789431"
990,"349752681286419735175368942824671593937245168651983274513896427492137856768524319"
991,"821736459937542186645189273359618724786324915412975368278453691593261847164897532"
992,"839617542564823917721549386483271659617985423295364871376452198942138765158796234"
993,"523691748194837526687542319271963854856274931439158672348729165715486293962315487"
994,"319546782582731469647928153158367294293854617764192538875219346936475821421683975"
995,"591867423387245691642139578759612834416378952823594167175983246964721385238456719"
996,"374956821192483657658217934867349215213675489945128376489731562736592148521864793"
997,"841257693965438172237169458198372546674815239352946781716593824529684317483721965"
998,"286534179739128564145967283628795431451683792397412856862371945914856327573249618"
999,"516498237847326951923157846379814562465932178182675493751269384298743615634581729"